{
    "model_name": "Logistic Regression",
    "accuracy": 0.8055358410220014,
    "precision": 0.6572327044025157,
    "recall": 0.5588235294117647,
    "f1": 0.6040462427745664,
    "roc_auc": 0.8420057351003644
}